-- phpMyAdmin SQL Dump
-- version 5.2.1
-- https://www.phpmyadmin.net/
--
-- Host: 127.0.0.1
-- Generation Time: Mar 03, 2026 at 09:25 PM
-- Server version: 10.4.32-MariaDB
-- PHP Version: 8.2.12

SET SQL_MODE = "NO_AUTO_VALUE_ON_ZERO";
START TRANSACTION;
SET time_zone = "+00:00";


/*!40101 SET @OLD_CHARACTER_SET_CLIENT=@@CHARACTER_SET_CLIENT */;
/*!40101 SET @OLD_CHARACTER_SET_RESULTS=@@CHARACTER_SET_RESULTS */;
/*!40101 SET @OLD_COLLATION_CONNECTION=@@COLLATION_CONNECTION */;
/*!40101 SET NAMES utf8mb4 */;

--
-- Database: `qat_erp`
--

-- --------------------------------------------------------

--
-- Table structure for table `advertisements`
--

CREATE TABLE `advertisements` (
  `id` int(11) NOT NULL,
  `client_name` varchar(255) NOT NULL,
  `title` varchar(255) NOT NULL,
  `description` text DEFAULT NULL,
  `image_url` text DEFAULT NULL,
  `link_url` text DEFAULT NULL,
  `status` enum('Active','Inactive') DEFAULT 'Active',
  `created_at` timestamp NOT NULL DEFAULT current_timestamp(),
  `media_path` varchar(255) DEFAULT NULL
) ENGINE=InnoDB DEFAULT CHARSET=utf8mb4 COLLATE=utf8mb4_unicode_ci;

-- --------------------------------------------------------

--
-- Table structure for table `customers`
--

CREATE TABLE `customers` (
  `id` int(11) NOT NULL,
  `name` varchar(100) NOT NULL,
  `phone` varchar(20) DEFAULT NULL,
  `total_debt` decimal(10,2) DEFAULT 0.00,
  `debt_limit` decimal(10,2) DEFAULT 0.00,
  `created_at` timestamp NOT NULL DEFAULT current_timestamp(),
  `is_deleted` tinyint(1) DEFAULT 0
) ENGINE=InnoDB DEFAULT CHARSET=utf8mb4 COLLATE=utf8mb4_general_ci;

--
-- Dumping data for table `customers`
--

INSERT INTO `customers` (`id`, `name`, `phone`, `total_debt`, `debt_limit`, `created_at`, `is_deleted`) VALUES
(1, 'test1', '1', 0.00, 0.00, '2026-01-20 17:50:57', 1),
(2, 'test2', '2', 8000.00, NULL, '2026-01-20 18:26:08', 0),
(3, 'عرفج', '772672573', 0.00, NULL, '2026-01-22 16:15:57', 0),
(4, 'برهان 1', '772166545', 0.00, 0.00, '2026-01-22 18:48:57', 0),
(5, 'علي غانم', '77354654', 9000.00, 100000.00, '2026-01-22 18:52:27', 0),
(6, 'jjj', NULL, 0.00, 0.00, '2026-01-23 17:18:21', 0),
(7, '11', NULL, 0.00, 0.00, '2026-01-23 17:18:55', 1),
(9, 'عرفج (9)', NULL, 0.00, 0.00, '2026-02-06 16:31:43', 1),
(10, 'abood ', '0772166545', 0.00, NULL, '2026-02-06 16:33:01', 1),
(14, 'قصي', '773687000', 3000.00, NULL, '2026-02-22 22:39:19', 0),
(18, 'عمار', '713682326', 0.00, 0.00, '2026-02-26 12:24:42', 0),
(19, 'ammar', '775374453', 8800.00, NULL, '2026-02-26 12:30:37', 0),
(20, 'ddd', '555555', 0.00, NULL, '2026-02-27 20:19:16', 0),
(21, 'quize', '772166545', -3000.00, NULL, '2026-02-27 20:50:56', 1),
(22, 'qqq', '77441123', 35000.00, NULL, '2026-02-27 21:19:19', 0);

-- --------------------------------------------------------

--
-- Table structure for table `expenses`
--

CREATE TABLE `expenses` (
  `id` int(11) NOT NULL,
  `expense_date` date DEFAULT curdate(),
  `description` varchar(255) NOT NULL,
  `amount` decimal(10,2) NOT NULL,
  `category` varchar(100) NOT NULL,
  `staff_id` int(11) DEFAULT NULL,
  `created_at` timestamp NOT NULL DEFAULT current_timestamp()
) ENGINE=InnoDB DEFAULT CHARSET=utf8mb4 COLLATE=utf8mb4_general_ci;

--
-- Dumping data for table `expenses`
--

INSERT INTO `expenses` (`id`, `expense_date`, `description`, `amount`, `category`, `staff_id`, `created_at`) VALUES
(1, '2026-01-20', 'Refund for Sale #1 (Customer Return)', 2000.00, 'أخرى', NULL, '2026-01-20 18:03:57'),
(2, '2026-01-20', 'Refund for Sale #1 (Customer Return)', 5000.00, 'أخرى', NULL, '2026-01-20 18:04:23'),
(3, '2026-01-22', 'صبوح', 2000.00, 'Shop', NULL, '2026-01-22 16:21:18'),
(4, '2026-01-22', 'سحب', 5000.00, 'Staff', 3, '2026-01-22 19:23:24'),
(5, '2026-01-22', 'سحب', 6000.00, 'Staff', 4, '2026-01-22 19:52:18'),
(6, '2026-02-15', 'Electricity', 1531.00, 'Shop', NULL, '2026-02-15 15:08:58'),
(7, '2026-02-15', 'Water', 2119.00, 'Shop', NULL, '2026-02-15 15:08:58'),
(8, '2026-02-15', 'Staff Lunch', 4938.00, 'Shop', NULL, '2026-02-15 15:08:58'),
(10, '2026-02-27', 'صبوح', 1000.00, 'أخرى', NULL, '2026-02-27 19:19:45'),
(11, '2026-02-27', 'صبوح', 11000.00, 'Staff', 5, '2026-02-27 22:03:17'),
(12, '2026-03-02', '', 5000.00, 'أخرى', NULL, '2026-03-02 00:37:27'),
(13, '2026-03-02', '', 1.00, 'أخرى', NULL, '2026-03-02 00:37:43'),
(14, '2026-03-02', 'صبوح', 100.00, 'أخرى', NULL, '2026-03-02 00:38:04'),
(15, '2026-03-02', '', 100.00, 'أخرى', NULL, '2026-03-02 10:31:17'),
(16, '2026-03-02', 'سحب', 100.00, 'أخرى', NULL, '2026-03-02 10:40:13'),
(17, '2026-03-02', 'sahb', 100.00, 'إيجار', NULL, '2026-03-02 10:45:47');

-- --------------------------------------------------------

--
-- Table structure for table `leftovers`
--

CREATE TABLE `leftovers` (
  `id` int(11) NOT NULL,
  `source_date` date NOT NULL,
  `purchase_id` int(11) DEFAULT NULL,
  `qat_type_id` int(11) DEFAULT NULL,
  `weight_kg` decimal(10,2) NOT NULL,
  `status` enum('Pending','Dropped','Transferred_Next_Day','Sold') DEFAULT 'Pending',
  `decision_date` date DEFAULT NULL,
  `sale_date` date DEFAULT NULL,
  `created_at` timestamp NOT NULL DEFAULT current_timestamp()
) ENGINE=InnoDB DEFAULT CHARSET=utf8mb4 COLLATE=utf8mb4_general_ci;

--
-- Dumping data for table `leftovers`
--

INSERT INTO `leftovers` (`id`, `source_date`, `purchase_id`, `qat_type_id`, `weight_kg`, `status`, `decision_date`, `sale_date`, `created_at`) VALUES
(1, '2026-01-22', 6, 7, 4.75, 'Dropped', '2026-01-22', NULL, '2026-01-22 19:25:51'),
(2, '2026-01-22', 5, 1, 50.00, 'Dropped', '2026-01-22', NULL, '2026-01-22 19:26:06'),
(3, '2026-01-22', 5, 1, 49.00, 'Dropped', '2026-01-22', NULL, '2026-01-22 19:26:14'),
(4, '2026-01-22', 7, 3, 10.00, 'Dropped', '2026-01-22', NULL, '2026-01-22 19:27:07'),
(5, '2026-02-15', 30, 1, 20.83, 'Dropped', '2026-02-15', '2026-02-16', '2026-02-15 15:11:12'),
(6, '2026-02-15', 31, 1, 36.33, 'Dropped', '2026-02-15', '2026-02-16', '2026-02-15 15:11:12'),
(7, '2026-02-15', 32, 2, 9.17, 'Dropped', '2026-02-15', '2026-02-16', '2026-02-15 15:11:12'),
(8, '2026-02-15', 33, 2, 54.33, 'Dropped', '2026-02-15', '2026-02-16', '2026-02-15 15:11:12'),
(9, '2026-02-15', 34, 2, 30.17, 'Dropped', '2026-02-15', '2026-02-16', '2026-02-15 15:11:12'),
(10, '2026-02-15', 35, 3, 24.50, 'Dropped', '2026-02-15', '2026-02-16', '2026-02-15 15:11:12'),
(11, '2026-02-15', 36, 3, 24.67, 'Dropped', '2026-02-15', '2026-02-16', '2026-02-15 15:11:12'),
(12, '2026-02-15', 37, 3, 34.17, 'Dropped', '2026-02-15', '2026-02-16', '2026-02-15 15:11:12'),
(13, '2026-02-15', 38, 4, 45.67, 'Dropped', '2026-02-15', '2026-02-16', '2026-02-15 15:11:12'),
(14, '2026-02-15', 39, 4, 45.50, 'Dropped', '2026-02-15', '2026-02-16', '2026-02-15 15:11:12'),
(15, '2026-02-15', 40, 4, 49.67, 'Dropped', '2026-02-15', '2026-02-16', '2026-02-15 15:11:12'),
(16, '2026-02-15', 41, 4, 30.00, 'Dropped', '2026-02-15', '2026-02-16', '2026-02-15 15:11:12'),
(17, '2026-02-15', 42, 5, 15.67, 'Dropped', '2026-02-15', '2026-02-16', '2026-02-15 15:11:12'),
(18, '2026-02-15', 44, 6, 40.00, 'Dropped', '2026-02-15', '2026-02-16', '2026-02-15 15:11:12'),
(19, '2026-02-15', 45, 6, 47.17, 'Dropped', '2026-02-15', '2026-02-16', '2026-02-15 15:11:12'),
(20, '2026-02-15', 46, 7, 6.17, 'Dropped', '2026-02-15', '2026-02-16', '2026-02-15 15:11:12'),
(21, '2026-02-14', NULL, 1, 5.50, 'Dropped', '2026-02-14', '2026-02-15', '2026-02-15 15:14:33'),
(22, '2026-02-15', 47, 2, 1.00, 'Dropped', '2026-02-15', '2026-02-16', '2026-02-15 15:19:02'),
(23, '2026-02-15', 48, 4, 0.50, 'Dropped', '2026-02-15', '2026-02-16', '2026-02-15 16:30:46'),
(24, '2026-02-15', 50, 1, 5.00, 'Dropped', '2026-02-15', '2026-02-16', '2026-02-15 16:45:23'),
(26, '2026-02-15', 53, 4, 1.00, 'Dropped', '2026-02-15', '2026-02-16', '2026-02-15 16:47:32'),
(27, '2026-02-15', 54, 1, 8.00, 'Dropped', '2026-02-15', '2026-02-16', '2026-02-15 17:04:32'),
(28, '2020-01-01', NULL, 1, 50.00, 'Dropped', NULL, '2020-01-02', '2026-02-15 17:07:53'),
(29, '2026-02-15', 28, 1, 2.00, 'Dropped', '2026-02-15', '2026-02-16', '2026-02-15 17:08:37'),
(30, '2026-02-15', 55, 1, 10.00, 'Dropped', '2026-02-15', '2026-02-16', '2026-02-15 17:08:37'),
(31, '2026-02-15', 56, 3, 40.00, 'Dropped', '2026-02-15', '2026-02-16', '2026-02-15 17:09:59'),
(32, '2026-02-16', 29, 1, 2.00, 'Dropped', '2026-02-16', '2026-02-17', '2026-02-16 15:17:45'),
(34, '2026-01-20', 2, 2, 3.00, 'Dropped', '2026-01-20', '2026-01-21', '2026-02-16 15:30:11'),
(35, '2026-01-20', 3, 3, 6.00, 'Dropped', '2026-01-20', '2026-01-21', '2026-02-16 15:30:11'),
(36, '2026-01-20', 4, 1, 16.00, 'Dropped', '2026-01-20', '2026-01-21', '2026-02-16 15:30:11'),
(37, '2026-01-22', 11, 4, 2.00, 'Dropped', '2026-01-22', '2026-01-23', '2026-02-16 15:30:11'),
(38, '2026-01-22', 13, 1, 43.00, 'Dropped', '2026-01-22', '2026-01-23', '2026-02-16 15:30:11'),
(39, '2026-01-22', 14, 2, 47.00, 'Dropped', '2026-01-22', '2026-01-23', '2026-02-16 15:30:11'),
(40, '2026-01-22', 15, 4, 9.50, 'Dropped', '2026-01-22', '2026-01-23', '2026-02-16 15:30:11'),
(41, '2026-01-23', 8, 1, 98.00, 'Dropped', '2026-01-23', '2026-01-24', '2026-02-16 15:30:11'),
(42, '2026-01-23', 9, 3, 8.75, 'Dropped', '2026-01-23', '2026-01-24', '2026-02-16 15:30:11'),
(43, '2026-01-23', 10, 7, 4.75, 'Dropped', '2026-01-23', '2026-01-24', '2026-02-16 15:30:11'),
(44, '2026-01-23', 12, 4, 2.00, 'Dropped', '2026-01-23', '2026-01-24', '2026-02-16 15:30:11'),
(45, '2026-01-23', 16, 2, 47.00, 'Dropped', '2026-01-23', '2026-01-24', '2026-02-16 15:30:11'),
(46, '2026-01-23', 22, 1, 10.00, 'Dropped', '2026-01-23', '2026-01-24', '2026-02-16 15:30:11'),
(47, '2026-01-23', 23, 2, 19.50, 'Dropped', '2026-01-23', '2026-01-24', '2026-02-16 15:30:11'),
(48, '2026-01-23', 24, 2, 9.00, 'Dropped', '2026-01-23', '2026-01-24', '2026-02-16 15:30:11'),
(49, '2026-01-24', 17, 1, 97.00, 'Dropped', '2026-01-24', '2026-01-25', '2026-02-16 15:30:11'),
(50, '2026-01-24', 18, 2, 43.00, 'Dropped', '2026-01-24', '2026-01-25', '2026-02-16 15:30:11'),
(51, '2026-01-24', 19, 3, 7.50, 'Dropped', '2026-01-24', '2026-01-25', '2026-02-16 15:30:11'),
(52, '2026-01-24', 20, 4, 2.00, 'Dropped', '2026-01-24', '2026-01-25', '2026-02-16 15:30:11'),
(53, '2026-01-24', 21, 7, 4.75, 'Dropped', '2026-01-24', '2026-01-25', '2026-02-16 15:30:11'),
(54, '2026-01-26', 25, 7, 19.00, 'Dropped', '2026-01-26', '2026-01-27', '2026-02-16 15:30:11'),
(55, '2026-02-06', 26, 2, 18.00, 'Dropped', '2026-02-06', '2026-02-07', '2026-02-16 15:30:11'),
(56, '2026-02-07', 27, 2, 18.00, 'Dropped', '2026-02-07', '2026-02-08', '2026-02-16 15:30:11'),
(57, '2026-02-14', 49, 1, 10.00, 'Dropped', '2026-02-14', '2026-02-15', '2026-02-16 15:30:11'),
(65, '2026-02-21', 73, 1, 1.00, 'Dropped', '2026-02-21', '2026-02-22', '2026-02-21 23:41:58'),
(66, '2026-02-22', 74, 7, 10.00, 'Dropped', '2026-02-22', '2026-02-23', '2026-02-22 20:29:15'),
(67, '2026-02-22', 75, 2, 9.50, 'Dropped', '2026-02-22', '2026-02-23', '2026-02-22 21:41:47'),
(68, '2026-02-22', 76, 3, 8.95, 'Dropped', '2026-02-22', '2026-02-23', '2026-02-23 10:19:18'),
(69, '2026-02-26', 77, 11, 8.00, 'Dropped', '2026-02-26', '2026-02-27', '2026-02-27 01:46:47'),
(70, '2026-02-27', 79, 3, 0.20, 'Dropped', '2026-02-27', '2026-02-28', '2026-02-27 20:01:17'),
(71, '2026-02-27', 80, 4, 19.00, 'Dropped', '2026-02-27', '2026-02-28', '2026-02-27 20:01:17'),
(72, '2026-02-27', 82, 3, 16.50, 'Dropped', '2026-02-27', '2026-02-28', '2026-02-27 20:52:51'),
(73, '2026-02-27', 80, 4, 2.00, 'Dropped', '2026-02-27', '2026-02-27', '2026-02-27 22:32:30'),
(74, '2026-02-27', 82, 3, 3.00, 'Dropped', '2026-02-27', '2026-02-28', '2026-02-27 22:33:05'),
(75, '2026-02-27', 83, 2, 10000.00, 'Dropped', '2026-02-27', '2026-02-27', '2026-02-27 22:37:47'),
(76, '2026-02-27', 84, 1, 20.00, 'Dropped', '2026-02-27', '2026-02-28', '2026-02-27 22:47:54'),
(77, '2026-02-27', 85, 2, 10.00, 'Dropped', '2026-02-27', '2026-02-27', '2026-02-27 22:49:54'),
(78, '2026-02-27', 85, 2, 10.00, 'Dropped', '2026-02-27', '2026-02-28', '2026-02-27 22:50:10'),
(79, '2026-02-27', 86, 2, 5.00, 'Dropped', '2026-02-27', '2026-02-27', '2026-02-27 22:52:40'),
(80, '2026-02-27', 86, 2, 5.00, 'Dropped', '2026-02-27', '2026-02-28', '2026-02-27 22:53:54'),
(81, '2026-02-27', 87, 3, 50.00, 'Dropped', '2026-02-27', '2026-02-27', '2026-02-27 22:56:37'),
(82, '2026-02-27', 87, 3, 50.00, 'Dropped', '2026-02-27', '2026-02-28', '2026-02-27 22:56:57'),
(83, '2026-02-27', 88, 2, 200.00, 'Dropped', '2026-02-27', '2026-02-28', '2026-02-27 23:03:10'),
(84, '2026-02-27', 89, 3, 100.00, 'Dropped', '2026-02-27', '2026-02-28', '2026-02-27 23:05:47'),
(85, '2026-02-27', 90, 2, 20.00, 'Dropped', '2026-02-27', '2026-02-28', '2026-02-27 23:20:16'),
(86, '2026-03-02', 91, 2, 0.45, 'Dropped', '2026-03-02', '2026-03-03', '2026-03-02 23:35:57'),
(87, '2026-03-02', 92, 2, 10.00, 'Dropped', '2026-03-02', '2026-03-03', '2026-03-03 01:44:08'),
(88, '2026-03-02', 93, 3, 10.00, 'Dropped', '2026-03-02', '2026-03-03', '2026-03-03 01:56:38'),
(89, '2026-02-15', 43, 5, 14.00, 'Dropped', '2026-02-15', '2026-02-16', '2026-03-03 02:07:13');

-- --------------------------------------------------------

--
-- Table structure for table `payments`
--

CREATE TABLE `payments` (
  `id` int(11) NOT NULL,
  `payment_date` date DEFAULT curdate(),
  `customer_id` int(11) NOT NULL,
  `amount` decimal(10,2) NOT NULL,
  `note` text DEFAULT NULL,
  `created_at` timestamp NOT NULL DEFAULT current_timestamp()
) ENGINE=InnoDB DEFAULT CHARSET=utf8mb4 COLLATE=utf8mb4_general_ci;

--
-- Dumping data for table `payments`
--

INSERT INTO `payments` (`id`, `payment_date`, `customer_id`, `amount`, `note`, `created_at`) VALUES
(1, '2026-01-22', 2, 20000.00, '', '2026-01-22 16:25:49'),
(2, '2026-01-22', 2, -5000.00, '', '2026-01-22 16:25:58'),
(3, '2026-01-22', 2, 5000.00, 'تم', '2026-01-22 18:54:19'),
(4, '2026-02-27', 10, 10000.00, '', '2026-02-27 20:10:00'),
(5, '2026-02-27', 10, 8000.00, '', '2026-02-27 20:33:35'),
(6, '2026-02-27', 10, 20000.00, '', '2026-02-27 20:33:43'),
(7, '2026-02-27', 14, 10000.00, '', '2026-02-27 20:56:05'),
(8, '2026-02-27', 14, 5000.00, '', '2026-02-27 20:58:27'),
(9, '2026-02-27', 14, 2000.00, '', '2026-02-27 21:03:35'),
(10, '2026-02-27', 21, 2000.00, '', '2026-02-27 21:04:43'),
(11, '2026-02-27', 10, -18000.00, '', '2026-02-27 21:08:07'),
(12, '2026-02-27', 21, 1000.00, '', '2026-02-27 21:15:09'),
(13, '2026-02-27', 21, 20000.00, '', '2026-02-27 21:15:38'),
(14, '2026-03-02', 14, 10000.00, '', '2026-03-03 01:04:10'),
(15, '2026-03-02', 19, 1100.00, '', '2026-03-03 01:22:59'),
(16, '2026-03-02', 19, 100.00, '', '2026-03-03 01:34:10'),
(17, '2026-03-03', 5, 1000.00, '', '2026-03-03 03:49:50');

-- --------------------------------------------------------

--
-- Table structure for table `providers`
--

CREATE TABLE `providers` (
  `id` int(11) NOT NULL,
  `name` varchar(100) NOT NULL,
  `phone` varchar(20) DEFAULT NULL,
  `created_at` timestamp NOT NULL DEFAULT current_timestamp()
) ENGINE=InnoDB DEFAULT CHARSET=utf8mb4 COLLATE=utf8mb4_general_ci;

--
-- Dumping data for table `providers`
--

INSERT INTO `providers` (`id`, `name`, `phone`, `created_at`) VALUES
(1, 'one', '1', '2026-01-20 17:40:45'),
(2, 'two', '2', '2026-01-20 17:41:17'),
(3, 'three', '3', '2026-01-20 17:41:36'),
(4, 'four', '4', '2026-01-20 17:44:32'),
(5, 'no idea', '772166545', '2026-01-22 15:49:53'),
(6, 'there', '776469741', '2026-01-22 15:52:00'),
(7, 'علي', '77354654', '2026-01-22 17:23:16'),
(8, 'القادري', '772166545', '2026-01-22 18:17:45'),
(9, 'برهان', '772166545', '2026-01-22 18:46:09'),
(10, '[[[', '444', '2026-01-23 17:17:41'),
(14, 'abood mohammed', ' 772166545', '2026-02-27 19:12:53'),
(15, 'rws', '', '2026-02-27 21:36:40'),
(16, 'ugd', '773465645', '2026-03-01 20:45:30'),
(19, 'Completely New Provider', '9876543210', '2026-03-03 04:02:57'),
(20, 'onefour', '774444444444444', '2026-03-03 04:05:44');

-- --------------------------------------------------------

--
-- Table structure for table `purchases`
--

CREATE TABLE `purchases` (
  `id` int(11) NOT NULL,
  `purchase_date` date NOT NULL,
  `qat_type_id` int(11) DEFAULT NULL,
  `source_weight_grams` decimal(10,2) DEFAULT 0.00,
  `received_weight_grams` decimal(10,2) DEFAULT 0.00,
  `provider_id` int(11) DEFAULT NULL,
  `expected_quantity_kg` decimal(10,2) DEFAULT 0.00,
  `vendor_name` varchar(100) DEFAULT NULL,
  `agreed_price` decimal(10,2) NOT NULL,
  `price_per_kilo` decimal(10,2) DEFAULT 0.00,
  `discount` decimal(10,2) DEFAULT 0.00,
  `net_cost` decimal(10,2) GENERATED ALWAYS AS (`agreed_price` - `discount`) STORED,
  `quantity_kg` decimal(10,2) DEFAULT NULL,
  `status` enum('Fresh','Momsi') DEFAULT 'Fresh',
  `media_path` varchar(255) DEFAULT NULL,
  `is_received` tinyint(1) DEFAULT 1,
  `received_at` datetime DEFAULT NULL,
  `created_at` timestamp NOT NULL DEFAULT current_timestamp()
) ENGINE=InnoDB DEFAULT CHARSET=utf8mb4 COLLATE=utf8mb4_general_ci;

--
-- Dumping data for table `purchases`
--

INSERT INTO `purchases` (`id`, `purchase_date`, `qat_type_id`, `source_weight_grams`, `received_weight_grams`, `provider_id`, `expected_quantity_kg`, `vendor_name`, `agreed_price`, `price_per_kilo`, `discount`, `quantity_kg`, `status`, `media_path`, `is_received`, `received_at`, `created_at`) VALUES
(1, '2026-01-20', 1, 2000.00, 1500.00, 1, 0.00, NULL, 40000.00, 20000.00, 0.00, 1.50, '', NULL, 1, '2026-01-20 09:42:34', '2026-01-20 17:41:03'),
(2, '2026-01-20', 2, 4000.00, 3000.00, 2, 0.00, NULL, 160000.00, 40000.00, 0.00, 3.00, '', NULL, 1, '2026-01-20 09:42:43', '2026-01-20 17:41:26'),
(3, '2026-01-20', 3, 8000.00, 6000.00, 3, 0.00, NULL, 640000.00, 80000.00, 0.00, 6.00, '', NULL, 1, '2026-01-20 09:42:50', '2026-01-20 17:41:51'),
(4, '2026-01-20', 1, 16000.00, 16000.00, 4, 0.00, NULL, 256000.00, 16000.00, 0.00, 16.00, '', NULL, 1, '2026-01-20 09:45:12', '2026-01-20 17:44:47'),
(5, '2026-01-22', 1, 100000.00, 99000.00, 1, 0.00, NULL, 1000000.00, 10000.00, 0.00, 99.00, '', NULL, 1, '2026-01-21 20:56:25', '2026-01-22 04:56:06'),
(6, '2026-01-22', 7, 5000.00, 5000.00, 5, 0.00, NULL, 250000.00, 50000.00, 0.00, 5.00, '', NULL, 1, '2026-01-22 07:50:41', '2026-01-22 15:50:09'),
(7, '2026-01-22', 3, 6000.00, 10000.00, 6, 0.00, NULL, 30000.00, 5000.00, 0.00, 10.00, '', NULL, 1, '2026-01-22 07:52:36', '2026-01-22 15:52:17'),
(8, '2026-01-23', 1, 0.00, 0.00, NULL, 0.00, 'Momsi Carryover', 0.00, 0.00, 0.00, 98.00, '', NULL, 1, NULL, '2026-01-22 17:04:57'),
(9, '2026-01-23', 3, 0.00, 0.00, NULL, 0.00, 'Momsi Carryover', 0.00, 0.00, 0.00, 8.75, '', NULL, 1, NULL, '2026-01-22 17:04:57'),
(10, '2026-01-23', 7, 0.00, 0.00, NULL, 0.00, 'Momsi Carryover', 0.00, 0.00, 0.00, 4.75, '', NULL, 1, NULL, '2026-01-22 17:04:57'),
(11, '2026-01-22', 4, 2000.00, 2000.00, 7, 0.00, NULL, 10000.00, 5000.00, 0.00, 2.00, '', NULL, 1, '2026-01-22 09:24:07', '2026-01-22 17:23:42'),
(12, '2026-01-23', 4, 0.00, 0.00, NULL, 0.00, 'Momsi Carryover', 0.00, 0.00, 0.00, 2.00, '', NULL, 1, NULL, '2026-01-22 17:24:46'),
(13, '2026-01-22', 1, 50000.00, 49000.00, 8, 0.00, NULL, 1000000.00, 20000.00, 0.00, 49.00, '', NULL, 1, '2026-01-22 10:18:56', '2026-01-22 18:18:06'),
(14, '2026-01-22', 2, 50000.00, 49000.00, 9, 0.00, NULL, 3000000.00, 60000.00, 0.00, 49.00, '', NULL, 1, '2026-01-22 10:47:30', '2026-01-22 18:46:26'),
(15, '2026-01-22', 4, 10000.00, 9500.00, 8, 0.00, NULL, 2000000.00, 200000.00, 0.00, 9.50, '', NULL, 1, '2026-01-22 11:07:28', '2026-01-22 19:07:02'),
(16, '2026-01-23', 2, 0.00, 0.00, NULL, 0.00, 'Momsi Carryover', 0.00, 0.00, 0.00, 47.00, '', NULL, 1, NULL, '2026-01-22 19:31:26'),
(17, '2026-01-24', 1, 0.00, 0.00, NULL, 0.00, 'Momsi Carryover', 0.00, 0.00, 0.00, 97.00, '', NULL, 1, NULL, '2026-01-23 13:56:56'),
(18, '2026-01-24', 2, 0.00, 0.00, NULL, 0.00, 'Momsi Carryover', 0.00, 0.00, 0.00, 45.00, '', NULL, 1, NULL, '2026-01-23 13:56:56'),
(19, '2026-01-24', 3, 0.00, 0.00, NULL, 0.00, 'Momsi Carryover', 0.00, 0.00, 0.00, 7.50, '', NULL, 1, NULL, '2026-01-23 13:56:56'),
(20, '2026-01-24', 4, 0.00, 0.00, NULL, 0.00, 'Momsi Carryover', 0.00, 0.00, 0.00, 2.00, '', NULL, 1, NULL, '2026-01-23 13:56:56'),
(21, '2026-01-24', 7, 0.00, 0.00, NULL, 0.00, 'Momsi Carryover', 0.00, 0.00, 0.00, 4.75, '', NULL, 1, NULL, '2026-01-23 13:56:56'),
(22, '2026-01-23', 1, 10000.00, 10000.00, 4, 0.00, NULL, 500000.00, 50000.00, 0.00, 10.00, '', NULL, 1, '2026-01-23 08:59:36', '2026-01-23 16:59:24'),
(23, '2026-01-23', 2, 20000.00, 20000.00, 10, 0.00, NULL, 4000.00, 200.00, 0.00, 20.00, '', NULL, 1, '2026-01-23 09:18:04', '2026-01-23 17:17:51'),
(24, '2026-01-23', 2, 10000.00, 10000.00, 8, 0.00, NULL, 50000.00, 5000.00, 0.00, 10.00, '', NULL, 1, '2026-01-23 09:38:18', '2026-01-23 17:38:08'),
(25, '2026-01-26', 7, 20000.00, 19000.00, 7, 0.00, NULL, 300000.00, 15000.00, 0.00, 19.00, '', NULL, 1, '2026-01-26 09:53:08', '2026-01-26 17:52:29'),
(26, '2026-02-06', 2, 20000.00, 19000.00, 7, 0.00, NULL, 1220000.00, 61000.00, 0.00, 19.00, '', NULL, 1, '2026-02-06 08:31:18', '2026-02-06 16:30:40'),
(27, '2026-02-07', 2, 0.00, 0.00, NULL, 0.00, 'Momsi Carryover', 0.00, 0.00, 0.00, 18.00, '', NULL, 1, '2026-02-06 09:16:33', '2026-02-06 17:16:33'),
(28, '2026-02-15', 1, 2000.00, 2000.00, 1, 0.00, NULL, 10000.00, 5000.00, 0.00, 2.00, '', NULL, 1, '2026-02-15 06:24:33', '2026-02-15 14:24:19'),
(29, '2026-02-16', 1, 0.00, 0.00, NULL, 0.00, 'Momsi Carryover', 0.00, 0.00, 0.00, 2.00, '', NULL, 1, '2026-02-15 06:25:00', '2026-02-15 14:25:00'),
(30, '2026-02-15', 1, 0.00, 0.00, NULL, 0.00, 'Ra\'wi Saeed', 53666.00, 0.00, 0.00, 23.33, '', NULL, 1, '2026-02-15 07:08:58', '2026-02-15 15:08:58'),
(31, '2026-02-15', 1, 0.00, 0.00, NULL, 0.00, 'Sultan Al-Qat', 73463.00, 0.00, 0.00, 43.33, '', NULL, 1, '2026-02-15 07:08:58', '2026-02-15 15:08:58'),
(32, '2026-02-15', 2, 0.00, 0.00, NULL, 0.00, 'Ra\'wi Ahmed', 65485.00, 0.00, 0.00, 16.67, '', NULL, 1, '2026-02-15 07:08:58', '2026-02-15 15:08:58'),
(33, '2026-02-15', 2, 0.00, 0.00, NULL, 0.00, 'Ra\'wi Saeed', 40594.00, 0.00, 0.00, 57.33, '', NULL, 1, '2026-02-15 07:08:58', '2026-02-15 15:08:58'),
(34, '2026-02-15', 2, 0.00, 0.00, NULL, 0.00, 'Abu Bakr', 26821.00, 0.00, 0.00, 42.67, '', NULL, 1, '2026-02-15 07:08:58', '2026-02-15 15:08:58'),
(35, '2026-02-15', 3, 0.00, 0.00, NULL, 0.00, 'Ra\'wi Saeed', 76443.00, 0.00, 0.00, 32.00, '', NULL, 1, '2026-02-15 07:08:58', '2026-02-15 15:08:58'),
(36, '2026-02-15', 3, 0.00, 0.00, NULL, 0.00, 'Sultan Al-Qat', 94493.00, 0.00, 0.00, 40.67, '', NULL, 1, '2026-02-15 07:08:58', '2026-02-15 15:08:58'),
(37, '2026-02-15', 3, 0.00, 0.00, NULL, 0.00, 'Abu Bakr', 91468.00, 0.00, 0.00, 42.67, '', NULL, 1, '2026-02-15 07:08:58', '2026-02-15 15:08:58'),
(38, '2026-02-15', 4, 0.00, 0.00, NULL, 0.00, 'Ra\'wi Ahmed', 67251.00, 0.00, 0.00, 54.67, '', NULL, 1, '2026-02-15 07:08:58', '2026-02-15 15:08:58'),
(39, '2026-02-15', 4, 0.00, 0.00, NULL, 0.00, 'Ra\'wi Saeed', 11551.00, 0.00, 0.00, 52.00, '', NULL, 1, '2026-02-15 07:08:58', '2026-02-15 15:08:58'),
(40, '2026-02-15', 4, 0.00, 0.00, NULL, 0.00, 'Sultan Al-Qat', 70122.00, 0.00, 0.00, 52.67, '', NULL, 1, '2026-02-15 07:08:58', '2026-02-15 15:08:58'),
(41, '2026-02-15', 4, 0.00, 0.00, NULL, 0.00, 'Abu Bakr', 18494.00, 0.00, 0.00, 32.00, '', NULL, 1, '2026-02-15 07:08:58', '2026-02-15 15:08:58'),
(42, '2026-02-15', 5, 0.00, 0.00, NULL, 0.00, 'Sultan Al-Qat', 29963.00, 0.00, 0.00, 28.67, '', NULL, 1, '2026-02-15 07:08:58', '2026-02-15 15:08:58'),
(43, '2026-02-15', 5, 0.00, 0.00, NULL, 0.00, 'Abu Bakr', 77808.00, 0.00, 0.00, 14.00, '', NULL, 1, '2026-02-15 07:08:58', '2026-02-15 15:08:58'),
(44, '2026-02-15', 6, 0.00, 0.00, NULL, 0.00, 'Ra\'wi Saeed', 11796.00, 0.00, 0.00, 48.00, '', NULL, 1, '2026-02-15 07:08:58', '2026-02-15 15:08:58'),
(45, '2026-02-15', 6, 0.00, 0.00, NULL, 0.00, 'Abu Bakr', 18396.00, 0.00, 0.00, 62.67, '', NULL, 1, '2026-02-15 07:08:58', '2026-02-15 15:08:58'),
(46, '2026-02-15', 7, 0.00, 0.00, NULL, 0.00, 'Sultan Al-Qat', 21542.00, 0.00, 0.00, 14.67, '', NULL, 1, '2026-02-15 07:08:58', '2026-02-15 15:08:58'),
(47, '2026-02-15', 2, 500.00, 1000.00, 6, 0.00, NULL, 500.00, 1000.00, 0.00, 1.00, '', NULL, 1, '2026-02-15 07:18:30', '2026-02-15 15:18:14'),
(48, '2026-02-15', 4, 500.00, 500.00, 1, 0.00, NULL, 22.00, 44.00, 0.00, 0.50, '', NULL, 1, '2026-02-15 08:30:12', '2026-02-15 16:29:53'),
(49, '2026-02-14', 1, 0.00, 0.00, NULL, 0.00, 'Test Old Rawi', 1000.00, 0.00, 0.00, 10.00, '', NULL, 1, NULL, '2026-02-15 16:44:18'),
(50, '2026-02-15', 1, 0.00, 0.00, NULL, 0.00, 'Test New Rawi', 1000.00, 0.00, 0.00, 5.00, '', NULL, 1, NULL, '2026-02-15 16:44:18'),
(53, '2026-02-15', 4, 500.00, 1000.00, 6, 0.00, NULL, 22.00, 44.00, 0.00, 1.00, '', NULL, 1, '2026-02-15 08:47:17', '2026-02-15 16:47:03'),
(54, '2026-02-15', 1, 0.00, 0.00, NULL, 0.00, 'Closing Test', 1000.00, 0.00, 0.00, 10.00, '', NULL, 1, NULL, '2026-02-15 17:03:22'),
(55, '2026-02-15', 1, 0.00, 0.00, NULL, 0.00, 'Strict Test', 1000.00, 0.00, 0.00, 10.00, '', NULL, 1, NULL, '2026-02-15 17:07:53'),
(56, '2026-02-15', 3, 40000.00, 40000.00, 3, 0.00, NULL, 320000.00, 8000.00, 0.00, 40.00, '', NULL, 1, '2026-02-15 09:09:39', '2026-02-15 17:09:13'),
(73, '2026-02-21', 1, 1000.00, 1000.00, 4, 0.00, NULL, 10000.00, 10000.00, 0.00, 1.00, '', NULL, 1, '2026-02-21 15:41:58', '2026-02-21 23:41:30'),
(74, '2026-02-22', 7, 10000.00, 10000.00, 4, 0.00, NULL, 100000.00, 10000.00, 0.00, 10.00, '', NULL, 1, '2026-02-22 12:28:31', '2026-02-22 20:27:42'),
(75, '2026-02-22', 2, 10000.00, 9500.00, 9, 0.00, NULL, 100000.00, 10000.00, 0.00, 9.50, '', 'uploads/1771796307_WIN_20250204_08_35_49_Pro.jpg', 1, '2026-02-22 13:40:57', '2026-02-22 21:38:27'),
(76, '2026-02-22', 3, 10000.00, 10000.00, 8, 0.00, NULL, 100000.00, 10000.00, 0.00, 10.00, '', NULL, 1, '2026-02-22 14:38:06', '2026-02-22 22:37:45'),
(77, '2026-02-26', 11, 10000.00, 9000.00, 4, 0.00, NULL, 1000000.00, 100000.00, 0.00, 9.00, '', NULL, 1, '2026-02-26 04:23:39', '2026-02-26 12:22:54'),
(78, '2026-02-26', 3, 10000.00, 0.00, 1, 0.00, NULL, 1000.00, 100.00, 0.00, 0.00, '', NULL, 1, '2026-02-26 05:31:39', '2026-02-26 12:23:18'),
(79, '2026-02-27', 3, 2000.00, 1500.00, 14, 0.00, NULL, 20000.00, 10000.00, 0.00, 1.50, '', 'uploads/1772219687_Screenshot_20251209_155907_ .jpg', 1, '2026-02-27 11:40:43', '2026-02-27 19:14:47'),
(80, '2026-02-27', 4, 20000.00, 20000.00, 4, 0.00, NULL, 2000000.00, 100000.00, 0.00, 20.00, '', NULL, 1, '2026-02-27 11:42:22', '2026-02-27 19:22:56'),
(81, '2026-02-27', 4, 15000.00, 1000.00, 9, 0.00, NULL, 300000.00, 20000.00, 0.00, 1.00, '', NULL, 1, '2026-02-27 11:42:28', '2026-02-27 19:23:12'),
(82, '2026-02-27', 3, 20000.00, 20000.00, 4, 0.00, NULL, 199960.00, 9998.00, 0.00, 20.00, '', NULL, 1, '2026-02-27 12:11:17', '2026-02-27 20:10:56'),
(83, '2026-02-27', 2, 1000000.00, 1000000.00, 9, 0.00, NULL, 1000000.00, 1000.00, 0.00, 1000.00, '', NULL, 1, '2026-02-27 13:13:39', '2026-02-27 21:13:02'),
(84, '2026-02-27', 1, 20000.00, 20000.00, 6, 0.00, NULL, 1000000.00, 50000.00, 0.00, 20.00, '', NULL, 1, '2026-02-27 14:47:36', '2026-02-27 22:46:13'),
(85, '2026-02-27', 2, 20000.00, 20000.00, 8, 0.00, NULL, 200.00, 10.00, 0.00, 20.00, '', NULL, 1, '2026-02-27 14:49:36', '2026-02-27 22:49:13'),
(86, '2026-02-27', 2, 10000.00, 10000.00, 2, 0.00, NULL, 10000.00, 1000.00, 0.00, 10.00, '', NULL, 1, '2026-02-27 14:52:23', '2026-02-27 22:52:03'),
(87, '2026-02-27', 3, 100000.00, 100000.00, 8, 0.00, NULL, 100000.00, 1000.00, 0.00, 100.00, '', NULL, 1, '2026-02-27 14:56:15', '2026-02-27 22:55:55'),
(88, '2026-02-27', 2, 200000.00, 200000.00, 9, 0.00, NULL, 400000.00, 2000.00, 0.00, 200.00, '', NULL, 1, '2026-02-27 15:03:10', '2026-02-27 23:02:38'),
(89, '2026-02-27', 3, 100000.00, 100000.00, 8, 0.00, NULL, 1999800.00, 19998.00, 0.00, 100.00, '', NULL, 1, '2026-02-27 15:05:47', '2026-02-27 23:05:08'),
(90, '2026-02-27', 2, 19997.00, 20000.00, 8, 0.00, NULL, 19997.00, 1000.00, 0.00, 20.00, '', NULL, 1, '2026-02-27 15:20:16', '2026-02-27 23:19:48'),
(91, '2026-03-02', 2, 500.00, 500.00, 6, 0.00, NULL, 50.00, 100.00, 0.00, 0.50, '', NULL, 1, '2026-03-02 03:22:45', '2026-03-02 10:33:01'),
(92, '2026-03-03', 2, 10000.00, 10000.00, 8, 0.00, NULL, 10000.00, 1000.00, 0.00, 10.00, 'Fresh', NULL, 1, '2026-03-03 04:44:08', '2026-03-03 01:41:16'),
(93, '2026-03-03', 3, 10000.00, 10000.00, 3, 0.00, NULL, 10000.00, 1000.00, 0.00, 10.00, 'Fresh', NULL, 1, '2026-03-03 04:56:38', '2026-03-03 01:56:17'),
(94, '2026-03-03', 5, 1000000.00, 1000000.00, 9, 0.00, NULL, 1000000.00, 1000.00, 0.00, 1000.00, 'Fresh', NULL, 1, '2026-03-03 05:04:53', '2026-03-03 02:04:10');

-- --------------------------------------------------------

--
-- Table structure for table `qat_deposits`
--

CREATE TABLE `qat_deposits` (
  `id` int(11) NOT NULL,
  `deposit_date` date NOT NULL,
  `currency` enum('YER','SAR','USD') NOT NULL,
  `amount` decimal(10,2) NOT NULL,
  `recipient` varchar(100) NOT NULL,
  `notes` text DEFAULT NULL,
  `created_at` timestamp NOT NULL DEFAULT current_timestamp()
) ENGINE=InnoDB DEFAULT CHARSET=utf8mb4 COLLATE=utf8mb4_general_ci;

--
-- Dumping data for table `qat_deposits`
--

INSERT INTO `qat_deposits` (`id`, `deposit_date`, `currency`, `amount`, `recipient`, `notes`, `created_at`) VALUES
(1, '2026-02-27', 'YER', 111000.00, 'll', '', '2026-02-27 19:20:19'),
(2, '2026-02-27', 'USD', 155000.00, 'ammar', '', '2026-02-27 19:20:48'),
(3, '2026-02-27', 'SAR', 155000.00, 'ammar', '1515', '2026-02-27 19:22:20');

-- --------------------------------------------------------

--
-- Table structure for table `qat_types`
--

CREATE TABLE `qat_types` (
  `id` int(11) NOT NULL,
  `name` varchar(100) NOT NULL,
  `description` text DEFAULT NULL,
  `is_deleted` tinyint(1) DEFAULT 0,
  `media_path` varchar(255) DEFAULT NULL
) ENGINE=InnoDB DEFAULT CHARSET=utf8mb4 COLLATE=utf8mb4_general_ci;

--
-- Dumping data for table `qat_types`
--

INSERT INTO `qat_types` (`id`, `name`, `description`, `is_deleted`, `media_path`) VALUES
(1, 'جمام نقوة', NULL, 0, NULL),
(2, 'جمام كالف', NULL, 0, 'uploads/1771796307_WIN_20250204_08_35_49_Pro.jpg'),
(3, 'جمام سمين', NULL, 0, 'uploads/1772219687_Screenshot_20251209_155907_ .jpg'),
(4, 'جمام قصار', NULL, 0, NULL),
(5, 'صدور نقوة', NULL, 0, NULL),
(6, 'صدور عادي', NULL, 0, NULL),
(7, 'قطل', NULL, 0, NULL),
(11, 'ماويه', 'Auto-created from sourcing', 1, NULL);

-- --------------------------------------------------------

--
-- Table structure for table `refunds`
--

CREATE TABLE `refunds` (
  `id` int(11) NOT NULL,
  `customer_id` int(11) NOT NULL,
  `amount` decimal(10,2) NOT NULL,
  `refund_type` enum('Cash','Debt') NOT NULL,
  `reason` text DEFAULT NULL,
  `created_at` timestamp NOT NULL DEFAULT current_timestamp(),
  `created_by` int(11) DEFAULT NULL
) ENGINE=InnoDB DEFAULT CHARSET=utf8mb4 COLLATE=utf8mb4_general_ci;

--
-- Dumping data for table `refunds`
--

INSERT INTO `refunds` (`id`, `customer_id`, `amount`, `refund_type`, `reason`, `created_at`, `created_by`) VALUES
(1, 2, 5000.00, 'Debt', 'k', '2026-01-20 18:58:43', NULL),
(2, 2, 3000.00, 'Debt', 'none\r\n', '2026-01-22 15:59:46', NULL),
(3, 5, 2000.00, 'Debt', 'djh', '2026-01-22 19:22:17', NULL),
(4, 22, 50000.00, 'Debt', ';;', '2026-02-27 21:49:57', NULL),
(5, 5, 10000.00, 'Debt', 's', '2026-02-27 21:55:02', NULL),
(6, 2, 6000.00, 'Debt', 'h', '2026-02-27 21:55:43', NULL),
(7, 22, 35000.00, 'Debt', 'j', '2026-02-27 21:56:17', NULL),
(8, 2, 3000.00, 'Debt', 'g', '2026-02-27 21:56:35', NULL);

-- --------------------------------------------------------

--
-- Table structure for table `sales`
--

CREATE TABLE `sales` (
  `id` int(11) NOT NULL,
  `sale_date` date DEFAULT curdate(),
  `due_date` date DEFAULT NULL,
  `customer_id` int(11) DEFAULT NULL,
  `qat_type_id` int(11) DEFAULT NULL,
  `purchase_id` int(11) DEFAULT NULL,
  `leftover_id` int(11) DEFAULT NULL,
  `qat_status` enum('Tari','Momsi') DEFAULT 'Tari',
  `weight_grams` decimal(10,2) NOT NULL,
  `weight_kg` decimal(10,3) GENERATED ALWAYS AS (`weight_grams` / 1000) STORED,
  `price` decimal(10,2) NOT NULL,
  `paid_amount` decimal(10,2) DEFAULT 0.00,
  `discount` decimal(10,2) DEFAULT 0.00,
  `refund_amount` decimal(10,2) DEFAULT 0.00,
  `payment_method` enum('Cash','Debt','Internal Transfer','Kuraimi Deposit','Jayb Deposit') NOT NULL,
  `transfer_sender` varchar(100) DEFAULT NULL,
  `transfer_receiver` varchar(100) DEFAULT NULL,
  `transfer_number` varchar(100) DEFAULT NULL,
  `transfer_company` varchar(100) DEFAULT NULL,
  `is_paid` tinyint(1) DEFAULT 1,
  `debt_type` enum('Daily','Monthly','Yearly') DEFAULT NULL,
  `notes` text DEFAULT NULL,
  `created_at` timestamp NOT NULL DEFAULT current_timestamp()
) ENGINE=InnoDB DEFAULT CHARSET=utf8mb4 COLLATE=utf8mb4_general_ci;

--
-- Dumping data for table `sales`
--

INSERT INTO `sales` (`id`, `sale_date`, `due_date`, `customer_id`, `qat_type_id`, `purchase_id`, `leftover_id`, `qat_status`, `weight_grams`, `price`, `paid_amount`, `discount`, `refund_amount`, `payment_method`, `transfer_sender`, `transfer_receiver`, `transfer_number`, `transfer_company`, `is_paid`, `debt_type`, `notes`, `created_at`) VALUES
(1, '2026-01-20', '2026-01-20', 1, 1, 1, NULL, 'Tari', 1000.00, 100000.00, 0.00, 0.00, 7000.00, 'Cash', NULL, NULL, NULL, NULL, 1, NULL, '', '2026-01-20 17:54:52'),
(2, '2026-03-03', '2026-03-03', 2, 1, 1, NULL, 'Tari', 500.00, 10000.00, 10000.00, 0.00, 0.00, 'Debt', NULL, NULL, NULL, NULL, 1, 'Daily', '', '2026-01-20 18:27:05'),
(3, '2026-03-03', '2026-03-03', NULL, 1, 5, NULL, 'Tari', 1000.00, 3000.00, 0.00, 0.00, 0.00, 'Debt', NULL, NULL, NULL, NULL, 0, 'Daily', '', '2026-01-22 04:56:39'),
(4, '2026-03-03', '2026-03-03', 2, 3, 7, NULL, 'Tari', 250.00, 3000.00, 3000.00, 0.00, 0.00, 'Debt', NULL, NULL, NULL, NULL, 1, 'Daily', '', '2026-01-22 15:54:02'),
(5, '2026-03-03', '2026-03-03', 2, 3, 7, NULL, 'Tari', 1000.00, 10000.00, 7000.00, 0.00, 0.00, 'Debt', NULL, NULL, NULL, NULL, 0, 'Daily', '', '2026-01-22 16:11:02'),
(6, '2026-01-22', '2026-01-22', 1, 7, 6, NULL, 'Tari', 250.00, 3000.00, 0.00, 0.00, 0.00, 'Cash', NULL, NULL, NULL, NULL, 1, NULL, '', '2026-01-22 16:19:54'),
(7, '2026-01-22', '2026-01-22', 1, 1, 13, NULL, 'Tari', 6005.00, 300000.00, 0.00, 0.00, 0.00, 'Cash', NULL, NULL, NULL, NULL, 1, NULL, '', '2026-01-22 18:22:13'),
(8, '2026-03-03', '2026-03-03', 2, 2, 14, NULL, 'Tari', 1000.00, 5000.00, 0.00, 0.00, 0.00, 'Debt', NULL, NULL, NULL, NULL, 0, 'Daily', '', '2026-01-22 18:51:28'),
(9, '2026-03-03', '2026-03-04', 5, 2, 14, NULL, 'Tari', 1000.00, 10000.00, 1000.00, 0.00, 0.00, 'Debt', NULL, NULL, NULL, NULL, 0, 'Daily', '', '2026-01-22 18:53:34'),
(10, '2026-01-22', '2026-01-22', NULL, 3, NULL, 4, 'Momsi', 1000.00, 10000.00, 0.00, 0.00, 0.00, 'Cash', NULL, NULL, NULL, NULL, 1, NULL, '', '2026-01-22 19:27:27'),
(11, '2026-01-23', '2026-01-23', 7, 2, 23, NULL, 'Tari', 500.00, 5000.00, 0.00, 0.00, 0.00, 'Cash', NULL, NULL, NULL, NULL, 1, NULL, '', '2026-01-23 17:18:59'),
(12, '2026-01-23', '2026-01-23', 3, 2, 24, NULL, 'Tari', 1000.00, 10000.00, 0.00, 0.00, 0.00, 'Cash', NULL, NULL, NULL, NULL, 1, NULL, '', '2026-01-23 17:38:40'),
(13, '2026-03-03', '2026-03-03', 10, 2, 26, NULL, 'Tari', 1000.00, 10000.00, 10000.00, 0.00, 0.00, 'Debt', NULL, NULL, NULL, NULL, 1, 'Daily', '', '2026-02-06 16:33:43'),
(14, '2026-02-06', '2026-02-06', 6, 2, 18, NULL, 'Momsi', 1000.00, 10000.00, 0.00, 0.00, 0.00, 'Cash', NULL, NULL, NULL, NULL, 1, NULL, '', '2026-02-06 17:17:14'),
(15, '2026-02-06', '2026-02-06', 6, 2, 18, NULL, 'Momsi', 1000.00, 10000.00, 0.00, 0.00, 0.00, 'Cash', NULL, NULL, NULL, NULL, 1, NULL, '', '2026-02-06 17:17:14'),
(72, '2026-03-03', '2026-03-03', NULL, 1, NULL, NULL, 'Tari', 100.00, 5000.00, 0.00, 0.00, 0.00, 'Debt', NULL, NULL, NULL, NULL, 0, 'Daily', NULL, '2026-02-15 17:03:22'),
(81, '2026-02-16', '2026-02-16', NULL, 1, NULL, 32, 'Momsi', 0.00, 0.00, 0.00, 0.00, 0.00, '', NULL, NULL, NULL, NULL, 1, NULL, '', '2026-02-16 15:18:11'),
(112, '2026-02-22', '2026-02-22', NULL, 7, NULL, 66, 'Momsi', 0.00, 0.00, 0.00, 0.00, 0.00, '', NULL, NULL, NULL, NULL, 1, NULL, '', '2026-02-22 20:29:23'),
(113, '2026-02-22', '2026-02-22', NULL, 7, NULL, 66, '', 0.00, 0.00, 0.00, 0.00, 0.00, '', NULL, NULL, NULL, NULL, 1, NULL, '', '2026-02-22 20:57:42'),
(114, '2026-02-22', '2026-02-22', NULL, 7, NULL, 66, '', 0.00, 0.00, 0.00, 0.00, 0.00, '', NULL, NULL, NULL, NULL, 1, NULL, '', '2026-02-22 20:57:45'),
(115, '2026-02-22', '2026-02-22', NULL, 7, NULL, 66, '', 0.00, 0.00, 0.00, 0.00, 0.00, '', NULL, NULL, NULL, NULL, 1, NULL, '', '2026-02-22 20:57:47'),
(116, '2026-02-22', '2026-02-22', NULL, 2, NULL, 67, '', 0.00, 0.00, 0.00, 0.00, 0.00, '', NULL, NULL, NULL, NULL, 1, NULL, '', '2026-02-22 22:09:37'),
(117, '2026-02-22', '2026-02-22', 10, 3, 76, NULL, 'Tari', 50.00, 5000.00, 0.00, 0.00, 0.00, 'Internal Transfer', 'علي', 'ماجي القديمي', '44444', 'الكريمي (Al-Kuraimi)', 1, NULL, '', '2026-02-22 22:51:51'),
(118, '2026-02-22', '2026-02-22', 10, 3, 76, NULL, 'Tari', 1000.00, 10000.00, 0.00, 0.00, 0.00, 'Cash', NULL, NULL, NULL, NULL, 1, NULL, '', '2026-02-22 22:52:45'),
(119, '2026-03-03', '2026-03-03', 19, 11, 77, NULL, 'Tari', 1000.00, 10000.00, 1200.00, 0.00, 0.00, 'Debt', NULL, NULL, NULL, NULL, 0, 'Daily', '', '2026-02-26 12:30:54'),
(120, '2026-02-27', '2026-02-27', 19, 3, 79, NULL, 'Tari', 300.00, 10000.00, 0.00, 0.00, 0.00, 'Cash', NULL, NULL, NULL, NULL, 1, NULL, '', '2026-02-27 19:48:49'),
(121, '2026-02-27', '2026-02-27', 10, 3, 79, NULL, 'Tari', 1000.00, 10000.00, 10000.00, 0.00, 0.00, 'Debt', NULL, NULL, NULL, NULL, 1, 'Monthly', '', '2026-02-27 19:52:51'),
(122, '2026-02-27', '2026-02-27', 14, 4, 81, NULL, 'Tari', 1000.00, 10000.00, 0.00, 0.00, 0.00, 'Cash', NULL, NULL, NULL, NULL, 1, NULL, '', '2026-02-27 19:57:46'),
(123, '2026-03-03', '2026-03-03', 14, 4, 80, NULL, 'Tari', 1000.00, 10000.00, 10000.00, 0.00, 0.00, 'Debt', NULL, NULL, NULL, NULL, 1, 'Daily', '', '2026-02-27 19:58:17'),
(124, '2026-02-27', '2026-02-27', 19, 3, 82, NULL, 'Tari', 1000.00, 10000.00, 0.00, 0.00, 0.00, 'Internal Transfer', 'علي', 'ماجي القديمي', NULL, 'أخرى', 1, NULL, '', '2026-02-27 20:12:20'),
(125, '2026-02-27', '2026-02-27', 14, 3, 82, NULL, 'Tari', 250.00, 10000.00, 0.00, 0.00, 0.00, 'Cash', NULL, NULL, NULL, NULL, 1, NULL, '', '2026-02-27 20:25:25'),
(126, '2026-03-03', '2026-03-03', 14, 3, 82, NULL, 'Tari', 1000.00, 10000.00, 10000.00, 0.00, 0.00, 'Debt', NULL, NULL, NULL, NULL, 1, 'Daily', '', '2026-02-27 20:28:51'),
(127, '2026-03-03', '2026-03-03', 14, 3, 82, NULL, 'Tari', 1000.00, 10000.00, 7000.00, 0.00, 0.00, 'Debt', NULL, NULL, NULL, NULL, 0, 'Daily', '', '2026-02-27 20:29:20'),
(128, '2026-03-03', '2026-03-03', 4, 3, 82, NULL, 'Tari', 250.00, 10000.00, 10000.00, 0.00, 0.00, 'Debt', NULL, NULL, NULL, NULL, 1, 'Daily', '', '2026-02-27 20:51:36'),
(129, '2026-02-27', '2026-02-27', NULL, 3, NULL, 72, '', 0.00, 0.00, 0.00, 0.00, 0.00, '', NULL, NULL, NULL, NULL, 1, NULL, '', '2026-02-27 20:54:06'),
(130, '2026-02-27', '2026-02-27', NULL, 3, NULL, 72, '', 0.00, 0.00, 0.00, 0.00, 0.00, '', NULL, NULL, NULL, NULL, 1, NULL, '', '2026-02-27 20:54:11'),
(131, '2026-02-27', '2027-03-03', 4, 2, 83, NULL, 'Tari', 250.00, 10000.00, 10000.00, 0.00, 0.00, 'Debt', NULL, NULL, NULL, NULL, 1, 'Yearly', '', '2026-02-27 21:14:04'),
(132, '2026-03-03', '2026-03-03', 22, 2, 83, NULL, 'Tari', 200.00, 20000.00, 0.00, 0.00, 0.00, 'Debt', NULL, NULL, NULL, NULL, 0, 'Daily', '', '2026-02-27 21:25:35'),
(133, '2026-02-27', '2026-02-27', 22, 2, 83, NULL, 'Tari', 250.00, 5000.00, 0.00, 0.00, 0.00, 'Debt', NULL, NULL, NULL, NULL, 0, 'Monthly', '', '2026-02-27 21:25:49'),
(134, '2026-02-27', '2026-02-27', 22, 2, 83, NULL, 'Tari', 250.00, 10000.00, 0.00, 0.00, 0.00, 'Debt', NULL, NULL, NULL, NULL, 0, 'Yearly', '', '2026-02-27 21:26:00'),
(135, '2026-03-02', '2026-03-02', 19, 2, 91, NULL, 'Tari', 50.00, 1000.00, 0.00, 0.00, 0.00, 'Internal Transfer', 'علي', 'ماجي القديمي', '1', 'النجم', 1, NULL, '', '2026-03-02 11:26:46'),
(136, '2026-03-03', '2026-03-03', NULL, 3, NULL, 88, '', 0.00, 0.00, 0.00, 0.00, 0.00, '', NULL, NULL, NULL, NULL, 1, NULL, '', '2026-03-03 02:05:44');

-- --------------------------------------------------------

--
-- Table structure for table `staff`
--

CREATE TABLE `staff` (
  `id` int(11) NOT NULL,
  `name` varchar(100) NOT NULL,
  `role` varchar(50) DEFAULT NULL,
  `daily_salary` decimal(10,2) DEFAULT 0.00,
  `withdrawal_limit` decimal(10,2) DEFAULT NULL,
  `base_salary` decimal(10,2) DEFAULT 0.00,
  `created_at` timestamp NOT NULL DEFAULT current_timestamp()
) ENGINE=InnoDB DEFAULT CHARSET=utf8mb4 COLLATE=utf8mb4_general_ci;

--
-- Dumping data for table `staff`
--

INSERT INTO `staff` (`id`, `name`, `role`, `daily_salary`, `withdrawal_limit`, `base_salary`, `created_at`) VALUES
(1, 'abood ', 'Employee', 0.00, 0.00, 0.00, '2026-01-16 07:13:45'),
(2, 'abood ', 'Employee', 0.00, 0.00, 0.00, '2026-01-16 07:27:27'),
(3, 'علي', 'Employee', 0.00, 0.00, 0.00, '2026-01-16 20:27:33'),
(4, 'برهان', 'Employee', 0.00, 0.00, 0.00, '2026-01-22 19:51:45'),
(5, 'abdullah', 'sales', 10000.00, NULL, 0.00, '2026-02-27 22:01:59'),
(6, 'ammar', 'sales', 10000.00, 10000.00, 0.00, '2026-02-27 22:10:01');

-- --------------------------------------------------------

--
-- Table structure for table `unknown_transfers`
--

CREATE TABLE `unknown_transfers` (
  `id` int(11) NOT NULL,
  `transfer_date` date NOT NULL,
  `receipt_number` varchar(100) DEFAULT NULL,
  `sender_name` varchar(100) NOT NULL,
  `amount` decimal(10,2) DEFAULT 0.00,
  `notes` text DEFAULT NULL,
  `created_at` timestamp NOT NULL DEFAULT current_timestamp(),
  `currency` varchar(5) DEFAULT 'YER'
) ENGINE=InnoDB DEFAULT CHARSET=utf8mb4 COLLATE=utf8mb4_general_ci;

--
-- Dumping data for table `unknown_transfers`
--

INSERT INTO `unknown_transfers` (`id`, `transfer_date`, `receipt_number`, `sender_name`, `amount`, `notes`, `created_at`, `currency`) VALUES
(1, '2026-01-22', '123333', 'محمد', 50000.00, 'لا شيء', '2026-01-22 19:24:10', 'YER'),
(2, '2026-02-27', '4544', 'محمد', 20000.00, '', '2026-02-27 22:28:00', 'YER');

-- --------------------------------------------------------

--
-- Table structure for table `users`
--

CREATE TABLE `users` (
  `id` int(11) NOT NULL,
  `username` varchar(50) NOT NULL,
  `display_name` varchar(255) DEFAULT NULL,
  `phone` varchar(20) DEFAULT NULL,
  `password` varchar(255) NOT NULL,
  `role` enum('admin','super_admin','user') NOT NULL,
  `sub_role` varchar(50) DEFAULT 'full',
  `created_at` timestamp NOT NULL DEFAULT current_timestamp()
) ENGINE=InnoDB DEFAULT CHARSET=utf8mb4 COLLATE=utf8mb4_general_ci;

--
-- Dumping data for table `users`
--

INSERT INTO `users` (`id`, `username`, `display_name`, `phone`, `password`, `role`, `sub_role`, `created_at`) VALUES
(1, 'super admin', NULL, NULL, '$2y$10$GFk0JkqtGve4GMwBKqF05ubjxN4JY9d6QMWEk5LUVS9XW2Oh32.g6', 'super_admin', 'full', '2026-01-19 19:20:42'),
(2, 'admin', NULL, NULL, '$2y$10$Zo/Lt1tc9q6UFBKAS00VquxQtyhsiRbWzf11ZPQvpuHpeYIXaZaCy', 'admin', 'full', '2026-01-19 19:20:42'),
(3, 'admin1', 'abdulqawi mohammed', '0772166545', '$2y$10$nXfGuul5Yo08xojUUJvLWOpfz6wf/kIqqe1m0haDVUko68f90jo3e', 'user', 'full', '2026-02-21 20:52:31'),
(4, 'abood', 'عبد القوي', '7721665', '$2y$10$jQXWWPSW7HtQZqVT4Z9dnO6kajO0xLODBOv2LGgJ3i1ZJiWPnWbmy', 'user', 'full', '2026-02-22 21:31:51'),
(5, 'Abdul', NULL, NULL, '$2y$10$QWHZUCDODeXxdsh.ydGcIeSUBatiqlEw8BL37XjKhWcCUpaOtcVz2', 'super_admin', 'reports', '2026-02-23 11:14:39'),
(6, 'Mohammed', NULL, NULL, '$2y$10$B9uN2gfO/g18GEc3gGW1aul2HJCjCbQMWx6AeQE5KF98/F8byiAXe', 'super_admin', 'full', '2026-02-23 11:14:39'),
(7, 'Abdullah', NULL, NULL, '$2y$10$4.8UPgvvvzK1rPXuBsLSxO07K1d8c9ZFcBFLByMiE2Q/1hZqC9XEy', 'super_admin', 'sales_debts', '2026-02-23 11:14:39'),
(8, 'Aham', NULL, NULL, '$2y$10$LQC/gZsvzoLh.uoygVIod.j4X1gdKNmx9YQghJhyF8K9uLBXc4RlG', 'super_admin', 'receiving', '2026-02-23 11:14:39'),
(9, '202310400240', 'عبد القوي', 'admin', '$2y$10$6y9FA.fHNOOW67yxfDJqrOWqbv5Zsn.N5NwUea386tpm4hddFXs7.', 'user', 'full', '2026-02-27 19:31:06'),
(10, '2023104002', 'عبد القوي', 'admin', '$2y$10$Eo9GytjYblfsobZBHNH8venN/tTOK31WrWPq0I0hraHgYW8QfUgvG', 'user', 'full', '2026-02-27 19:32:52'),
(11, 'ali', 'عبد القوي', 'admin', '$2y$10$KqRzLNxGspTw/63AsyNCl.lOKGGa79gHwPnLp9RSkTeoABAwpC2mO', 'user', 'full', '2026-02-27 19:33:54'),
(12, 'ad', 'عبد القوي', 'test', '$2y$10$MsoGM/z62ATebE2YGKCmg.BRu3QKVRK3/pv9iV6DGgUC4hC0eVhJq', 'user', 'full', '2026-03-02 10:48:29'),
(13, 'testadmin', 'Test Admin', '777777777', '$2y$10$A3e456gzKkgF59OO61U40u1BA/Nygcr9KDOX7PSWPq72pXZD6bANm', 'super_admin', 'full', '2026-03-03 02:13:39');

--
-- Indexes for dumped tables
--

--
-- Indexes for table `advertisements`
--
ALTER TABLE `advertisements`
  ADD PRIMARY KEY (`id`);

--
-- Indexes for table `customers`
--
ALTER TABLE `customers`
  ADD PRIMARY KEY (`id`);

--
-- Indexes for table `expenses`
--
ALTER TABLE `expenses`
  ADD PRIMARY KEY (`id`);

--
-- Indexes for table `leftovers`
--
ALTER TABLE `leftovers`
  ADD PRIMARY KEY (`id`),
  ADD KEY `qat_type_id` (`qat_type_id`);

--
-- Indexes for table `payments`
--
ALTER TABLE `payments`
  ADD PRIMARY KEY (`id`),
  ADD KEY `customer_id` (`customer_id`);

--
-- Indexes for table `providers`
--
ALTER TABLE `providers`
  ADD PRIMARY KEY (`id`);

--
-- Indexes for table `purchases`
--
ALTER TABLE `purchases`
  ADD PRIMARY KEY (`id`),
  ADD KEY `qat_type_id` (`qat_type_id`),
  ADD KEY `idx_purchases_date` (`purchase_date`);

--
-- Indexes for table `qat_deposits`
--
ALTER TABLE `qat_deposits`
  ADD PRIMARY KEY (`id`);

--
-- Indexes for table `qat_types`
--
ALTER TABLE `qat_types`
  ADD PRIMARY KEY (`id`);

--
-- Indexes for table `refunds`
--
ALTER TABLE `refunds`
  ADD PRIMARY KEY (`id`),
  ADD KEY `customer_id` (`customer_id`);

--
-- Indexes for table `sales`
--
ALTER TABLE `sales`
  ADD PRIMARY KEY (`id`),
  ADD KEY `customer_id` (`customer_id`),
  ADD KEY `qat_type_id` (`qat_type_id`),
  ADD KEY `idx_sales_date` (`sale_date`),
  ADD KEY `fk_sales_leftover` (`leftover_id`);

--
-- Indexes for table `staff`
--
ALTER TABLE `staff`
  ADD PRIMARY KEY (`id`);

--
-- Indexes for table `unknown_transfers`
--
ALTER TABLE `unknown_transfers`
  ADD PRIMARY KEY (`id`);

--
-- Indexes for table `users`
--
ALTER TABLE `users`
  ADD PRIMARY KEY (`id`),
  ADD UNIQUE KEY `username` (`username`);

--
-- AUTO_INCREMENT for dumped tables
--

--
-- AUTO_INCREMENT for table `advertisements`
--
ALTER TABLE `advertisements`
  MODIFY `id` int(11) NOT NULL AUTO_INCREMENT, AUTO_INCREMENT=4;

--
-- AUTO_INCREMENT for table `customers`
--
ALTER TABLE `customers`
  MODIFY `id` int(11) NOT NULL AUTO_INCREMENT, AUTO_INCREMENT=25;

--
-- AUTO_INCREMENT for table `expenses`
--
ALTER TABLE `expenses`
  MODIFY `id` int(11) NOT NULL AUTO_INCREMENT, AUTO_INCREMENT=18;

--
-- AUTO_INCREMENT for table `leftovers`
--
ALTER TABLE `leftovers`
  MODIFY `id` int(11) NOT NULL AUTO_INCREMENT, AUTO_INCREMENT=90;

--
-- AUTO_INCREMENT for table `payments`
--
ALTER TABLE `payments`
  MODIFY `id` int(11) NOT NULL AUTO_INCREMENT, AUTO_INCREMENT=18;

--
-- AUTO_INCREMENT for table `providers`
--
ALTER TABLE `providers`
  MODIFY `id` int(11) NOT NULL AUTO_INCREMENT, AUTO_INCREMENT=21;

--
-- AUTO_INCREMENT for table `purchases`
--
ALTER TABLE `purchases`
  MODIFY `id` int(11) NOT NULL AUTO_INCREMENT, AUTO_INCREMENT=95;

--
-- AUTO_INCREMENT for table `qat_deposits`
--
ALTER TABLE `qat_deposits`
  MODIFY `id` int(11) NOT NULL AUTO_INCREMENT, AUTO_INCREMENT=4;

--
-- AUTO_INCREMENT for table `qat_types`
--
ALTER TABLE `qat_types`
  MODIFY `id` int(11) NOT NULL AUTO_INCREMENT, AUTO_INCREMENT=12;

--
-- AUTO_INCREMENT for table `refunds`
--
ALTER TABLE `refunds`
  MODIFY `id` int(11) NOT NULL AUTO_INCREMENT, AUTO_INCREMENT=9;

--
-- AUTO_INCREMENT for table `sales`
--
ALTER TABLE `sales`
  MODIFY `id` int(11) NOT NULL AUTO_INCREMENT, AUTO_INCREMENT=137;

--
-- AUTO_INCREMENT for table `staff`
--
ALTER TABLE `staff`
  MODIFY `id` int(11) NOT NULL AUTO_INCREMENT, AUTO_INCREMENT=7;

--
-- AUTO_INCREMENT for table `unknown_transfers`
--
ALTER TABLE `unknown_transfers`
  MODIFY `id` int(11) NOT NULL AUTO_INCREMENT, AUTO_INCREMENT=3;

--
-- AUTO_INCREMENT for table `users`
--
ALTER TABLE `users`
  MODIFY `id` int(11) NOT NULL AUTO_INCREMENT, AUTO_INCREMENT=14;

--
-- Constraints for dumped tables
--

--
-- Constraints for table `leftovers`
--
ALTER TABLE `leftovers`
  ADD CONSTRAINT `leftovers_ibfk_1` FOREIGN KEY (`qat_type_id`) REFERENCES `qat_types` (`id`);

--
-- Constraints for table `payments`
--
ALTER TABLE `payments`
  ADD CONSTRAINT `payments_ibfk_1` FOREIGN KEY (`customer_id`) REFERENCES `customers` (`id`);

--
-- Constraints for table `purchases`
--
ALTER TABLE `purchases`
  ADD CONSTRAINT `purchases_ibfk_1` FOREIGN KEY (`qat_type_id`) REFERENCES `qat_types` (`id`);

--
-- Constraints for table `refunds`
--
ALTER TABLE `refunds`
  ADD CONSTRAINT `refunds_ibfk_1` FOREIGN KEY (`customer_id`) REFERENCES `customers` (`id`);

--
-- Constraints for table `sales`
--
ALTER TABLE `sales`
  ADD CONSTRAINT `fk_sales_leftover` FOREIGN KEY (`leftover_id`) REFERENCES `leftovers` (`id`),
  ADD CONSTRAINT `sales_ibfk_1` FOREIGN KEY (`customer_id`) REFERENCES `customers` (`id`),
  ADD CONSTRAINT `sales_ibfk_2` FOREIGN KEY (`qat_type_id`) REFERENCES `qat_types` (`id`);
COMMIT;

/*!40101 SET CHARACTER_SET_CLIENT=@OLD_CHARACTER_SET_CLIENT */;
/*!40101 SET CHARACTER_SET_RESULTS=@OLD_CHARACTER_SET_RESULTS */;
/*!40101 SET COLLATION_CONNECTION=@OLD_COLLATION_CONNECTION */;
